model,R2_train,MAE_train,MAPE_train,RMSE_train,R2_test,MAE_test,MAPE_test,RMSE_test
GNN,0.8938177824020386,5.3050895,4.591084271669388,13.0084,0.6769518852233887,12.340494,14.989784359931946,22.556501
