{
  "colsample_bylevel": 0.6000000000000001,
  "colsample_bynode": 0.6000000000000001,
  "colsample_bytree": 0.6000000000000001,
  "gamma": 1.0,
  "learning_rate": 0.1,
  "max_depth": 22.0,
  "min_child_weight": 3.0,
  "n_estimators": 240.0,
  "reg_alpha": 1.0,
  "reg_lambda": 0.0,
  "subsample": 0.66
}