{
  "colsample_bylevel": 0.8,
  "colsample_bynode": 0.6000000000000001,
  "colsample_bytree": 0.8,
  "gamma": 0.6000000000000001,
  "learning_rate": 0.04,
  "max_depth": 14.0,
  "min_child_weight": 6.0,
  "n_estimators": 800.0,
  "reg_alpha": 0.6000000000000001,
  "subsample": 0.49
}