Feature Values,Partial Dependence Values
0.0,82.06601
0.53,81.97804
0.8,82.14846
0.89,82.13734
0.93,82.157845
0.95,82.32534
1.09,82.4013
1.3,82.31763
1.47,82.62038
1.49,82.84359
1.59,83.581985
1.6,87.92863
1.64,88.27098
1.74,87.898056
1.8,87.29907
1.82,88.02212
1.93,89.94563
1.98,91.50451
2.11,91.76566
2.3,91.8645
2.34,93.170296
2.41,93.5241
2.44,94.02104
2.53,93.94686
2.61,93.92275
2.67,93.93921
2.74,93.932526
2.75,93.98215
2.99,95.21473
3.05,95.384865
3.1,95.70037
3.29,95.23307
3.44,95.658005
3.51,95.62155
3.52,95.471245
3.67,95.83449
3.95,95.73133
4.2,95.79245
4.25,96.269455
5.19,96.2555
5.3,96.02944
5.41,96.291534
5.7,96.25033
6.25,96.350914
6.3,98.09033
6.7,98.91839
7.2,101.43746
7.37,103.26169
7.83,109.30745
8.12,108.738884
8.29,109.099075
8.71,107.724174
9.7,108.09869
12.14,106.42393
13.57,106.42393
