Feature Values,Partial Dependence Values
225.22,82.218285
494.0,82.218285
499.8,82.218285
543.0,82.24021
544.83,82.15225
620.0,82.445816
642.0,82.56198
648.22,82.35609
670.0,81.428795
697.0,81.60811
804.0,82.08461
844.0,86.18584
879.0,86.03984
933.1,86.92444
947.0,87.369545
972.4,87.15817
1021.0,87.73067
1055.0,87.514336
1140.8,87.02599
1141.9,87.38501
1162.9,86.85975
1207.26,85.76102
1274.8,86.98775
1301.6,87.12668
1317.4,88.20584
1398.16,88.10619
1410.0,88.25565
1454.0,88.222496
1500.0,89.637344
1530.9,88.72903
1546.1,87.63283
1624.0,87.768654
1640.1,87.051125
1644.0,87.39492
1655.0,89.19949
1666.8,91.61996
1667.33,91.4797
1685.0,92.0463
1687.1,92.84888
1770.0,93.87268
1777.0,93.62013
1781.0,94.76252
1843.0,95.54504
1886.0,95.5448
1949.0,95.88545
2186.0,95.61624
2228.0,95.81161
2276.0,95.532104
2290.0,95.10535
2295.25,95.23052
2330.9,95.086426
2353.0,95.10824
2370.0,103.16499
2465.9,103.19157
2511.0,104.54189
2691.29,103.73027
2702.3,103.62894
2993.2,103.30703
3139.2,102.57959
3166.0,102.85158
3224.9,103.543976
3252.6,103.869606
3292.0,104.300804
3407.6,107.32021
3415.3,108.18016
3518.0,108.825455
3553.1,108.825455
