Feature,Importance
O,0.040883068
N,0.1060511
SSA,0.11744102
PV,0.06833992
RMIC,0.075835556
Dap,0.03117422
ID/IG,0.06750353
M,0.027857637
Anion,0.13499631
AML,0.12589775
PW,0.022257088
CD,0.1817629
