Feature Values,Partial Dependence Values
0,90.4148012738292
1,92.77689807855735
