Feature,Importance
O,0.05074531
N,0.16324598
SSA,0.17328373
PV,0.09634309
RMIC,0.086227916
Dap,0.080197856
ID/IG,0.10653437
Anion,0.08890494
CD,0.15451676
